{"$schema":"http://schema.management.azure.com/schemas/2015-01-01/deploymentTemplate.json#","contentVersion":"1.0.0.0","parameters":{"factoryName":{"type":"string","metadata":"Data Factory name"},"salesdbsource":{"type":"string"},"httpsource":{"type":"string"},"traininglakehouse":{"type":"string"},"websitetrackinglogs":{"type":"string"},"restsource":{"type":"string"}},"variables":{"factoryId":"[concat('Microsoft.DataFactory/factories/', parameters('factoryName'))]"},"resources":[{"name":"[concat(parameters('factoryName'), '/electroniz_batch_ingestion_pipeline')]","type":"Microsoft.DataFactory/factories/pipelines","apiVersion":"2018-06-01","properties":{"description":"This pipeline will ingest data from sales database, currency conversion, geo-location and ecommerce website tracking","activities":[{"name":"Find SalesDB Tables","type":"Lookup","dependsOn":[{"activity":"Get Geo-location Mapping","dependencyConditions":["Succeeded"]}],"policy":{"timeout":"7.00:00:00","retry":0,"retryIntervalInSeconds":30,"secureOutput":false,"secureInput":false},"userProperties":[],"typeProperties":{"source":{"type":"AzureSqlSource","sqlReaderQuery":"SELECT QUOTENAME(table_schema)+'.'+QUOTENAME(table_name) AS Table_Name FROM information_Schema.tables WHERE table_name not in ('watermarktable', 'database_firewall_rules')","queryTimeout":"02:00:00","partitionOption":"None"},"dataset":{"referenceName":"salesdbds","type":"DatasetReference","parameters":{}},"firstRowOnly":false}},{"name":"For Each Table","type":"ForEach","dependsOn":[{"activity":"Find SalesDB Tables","dependencyConditions":["Succeeded"]}],"userProperties":[],"typeProperties":{"items":{"value":"@activity('Find SalesDB Tables').output.value","type":"Expression"},"activities":[{"name":"Lookup Old Watermark","type":"Lookup","dependsOn":[],"policy":{"timeout":"7.00:00:00","retry":0,"retryIntervalInSeconds":30,"secureOutput":false,"secureInput":false},"userProperties":[],"typeProperties":{"source":{"type":"AzureSqlSource","sqlReaderQuery":{"value":"SELECT * FROM [dbo].[watermarktable] AS WatermarkValue WHERE table_name='@{item().Table_Name}'","type":"Expression"},"queryTimeout":"02:00:00","partitionOption":"None"},"dataset":{"referenceName":"salesdbds","type":"DatasetReference","parameters":{}}}},{"name":"Lookup New Watermark","type":"Lookup","dependsOn":[],"policy":{"timeout":"7.00:00:00","retry":0,"retryIntervalInSeconds":30,"secureOutput":false,"secureInput":false},"userProperties":[],"typeProperties":{"source":{"type":"AzureSqlSource","sqlReaderQuery":{"value":"SELECT MAX(updated_at) as NewWatermarkvalue FROM @{item().Table_Name}","type":"Expression"},"queryTimeout":"02:00:00","partitionOption":"None"},"dataset":{"referenceName":"salesdbds","type":"DatasetReference","parameters":{}}}},{"name":"Copy Table Data","type":"Copy","dependsOn":[{"activity":"Lookup Old Watermark","dependencyConditions":["Succeeded"]},{"activity":"Lookup New Watermark","dependencyConditions":["Succeeded"]}],"policy":{"timeout":"7.00:00:00","retry":0,"retryIntervalInSeconds":30,"secureOutput":false,"secureInput":false},"userProperties":[],"typeProperties":{"source":{"type":"AzureSqlSource","sqlReaderQuery":{"value":"SELECT * FROM @{item().Table_Name} WHERE updated_at > '@{activity('Lookup Old Watermark').output.firstRow.watermark_value}'","type":"Expression"},"queryTimeout":"02:00:00","partitionOption":"None"},"sink":{"type":"DelimitedTextSink","storeSettings":{"type":"AzureBlobFSWriteSettings"},"formatSettings":{"type":"DelimitedTextWriteSettings","quoteAllText":true,"fileExtension":".txt"}},"enableStaging":false,"translator":{"type":"TabularTranslator","typeConversion":true,"typeConversionSettings":{"allowDataTruncation":true,"treatBooleanAsNumber":false}}},"inputs":[{"referenceName":"salesdbds","type":"DatasetReference","parameters":{}}],"outputs":[{"referenceName":"SalesDelimitedText","type":"DatasetReference","parameters":{"FileExt":"csv","FileTime":"@pipeline().TriggerTime"}}]},{"name":"Update Watermark","type":"SqlServerStoredProcedure","dependsOn":[{"activity":"Copy Table Data","dependencyConditions":["Succeeded"]}],"policy":{"timeout":"7.00:00:00","retry":0,"retryIntervalInSeconds":30,"secureOutput":false,"secureInput":false},"userProperties":[],"typeProperties":{"storedProcedureName":"[[dbo].[usp_write_watermark]","storedProcedureParameters":{"LastModifiedtime ":{"value":{"value":"@{activity('Lookup New Watermark').output.firstRow.NewWatermarkvalue}","type":"Expression"},"type":"Datetime"},"TableName":{"value":{"value":"@{activity('Lookup Old Watermark').output.firstRow.table_name}","type":"Expression"},"type":"String"}}},"linkedServiceName":{"referenceName":"[parameters('salesdbsource')]","type":"LinkedServiceReference"}}]}},{"name":"Get Geo-location Mapping","type":"Copy","dependsOn":[{"activity":"GetSecret","dependencyConditions":["Succeeded"]}],"policy":{"timeout":"7.00:00:00","retry":0,"retryIntervalInSeconds":30,"secureOutput":false,"secureInput":false},"userProperties":[],"typeProperties":{"source":{"type":"DelimitedTextSource","storeSettings":{"type":"HttpReadSettings","requestMethod":"GET"},"formatSettings":{"type":"DelimitedTextReadSettings"}},"sink":{"type":"DelimitedTextSink","storeSettings":{"type":"AzureBlobFSWriteSettings"},"formatSettings":{"type":"DelimitedTextWriteSettings","quoteAllText":true,"fileExtension":".txt"}},"enableStaging":false,"translator":{"type":"TabularTranslator","typeConversion":true,"typeConversionSettings":{"allowDataTruncation":true,"treatBooleanAsNumber":false}}},"inputs":[{"referenceName":"GeoDelimitedTextSource","type":"DatasetReference","parameters":{}}],"outputs":[{"referenceName":"GeoDelimitedTextSync","type":"DatasetReference","parameters":{}}]},{"name":"Find Currencies","type":"Lookup","dependsOn":[{"activity":"For Each Table","dependencyConditions":["Succeeded"]}],"policy":{"timeout":"7.00:00:00","retry":0,"retryIntervalInSeconds":30,"secureOutput":false,"secureInput":false},"userProperties":[],"typeProperties":{"source":{"type":"AzureSqlSource","sqlReaderQuery":"SELECT DISTINCT currency FROM [dbo].[store_orders] WHERE currency <> 'USD'","queryTimeout":"02:00:00","partitionOption":"None"},"dataset":{"referenceName":"salesdbds","type":"DatasetReference","parameters":{}},"firstRowOnly":false}},{"name":"For Each Currency","type":"ForEach","dependsOn":[{"activity":"Find Currencies","dependencyConditions":["Succeeded"]}],"userProperties":[],"typeProperties":{"items":{"value":"@activity('Find Currencies').output.value","type":"Expression"},"activities":[{"name":"Get Currency Value","type":"Copy","dependsOn":[],"policy":{"timeout":"7.00:00:00","retry":0,"retryIntervalInSeconds":30,"secureOutput":false,"secureInput":false},"userProperties":[],"typeProperties":{"source":{"type":"RestSource","httpRequestTimeout":"00:01:40","requestInterval":"00.00:00:00.010","requestMethod":"GET"},"sink":{"type":"DelimitedTextSink","storeSettings":{"type":"AzureBlobFSWriteSettings"},"formatSettings":{"type":"DelimitedTextWriteSettings","quoteAllText":true,"fileExtension":".txt"}},"enableStaging":false},"inputs":[{"referenceName":"RestResource1","type":"DatasetReference","parameters":{}}],"outputs":[{"referenceName":"CurrencyDelimitedText","type":"DatasetReference","parameters":{}}]}]}},{"name":"Copy Website Tracking Data","type":"Copy","dependsOn":[{"activity":"For Each Currency","dependencyConditions":["Succeeded"]}],"policy":{"timeout":"7.00:00:00","retry":0,"retryIntervalInSeconds":30,"secureOutput":false,"secureInput":false},"userProperties":[],"typeProperties":{"source":{"type":"JsonSource","storeSettings":{"type":"AzureBlobStorageReadSettings","recursive":true,"enablePartitionDiscovery":false,"prefix":"electroniz_access"},"formatSettings":{"type":"JsonReadSettings"}},"sink":{"type":"JsonSink","storeSettings":{"type":"AzureBlobFSWriteSettings"},"formatSettings":{"type":"JsonWriteSettings"}},"enableStaging":false},"inputs":[{"referenceName":"TrackingJSON","type":"DatasetReference","parameters":{}}],"outputs":[{"referenceName":"TrackingJSONSync","type":"DatasetReference","parameters":{}}]},{"name":"Delete Website Tracking Logs","type":"Delete","dependsOn":[{"activity":"Copy Website Tracking Data","dependencyConditions":["Succeeded"]}],"policy":{"timeout":"7.00:00:00","retry":0,"retryIntervalInSeconds":30,"secureOutput":false,"secureInput":false},"userProperties":[],"typeProperties":{"dataset":{"referenceName":"TrackingJSON","type":"DatasetReference","parameters":{}},"enableLogging":false,"storeSettings":{"type":"AzureBlobStorageReadSettings","recursive":true,"enablePartitionDiscovery":false}}},{"name":"GetSecret","type":"WebActivity","dependsOn":[],"policy":{"timeout":"7.00:00:00","retry":0,"retryIntervalInSeconds":30,"secureOutput":false,"secureInput":false},"userProperties":[],"typeProperties":{"url":"https://train7kvea444t6elpjao.vault.azure.net/secrets/dfCURRAPIKEY/960822efbfc949feb68a0d4c4fba87ea?api-version=7.0","method":"GET","headers":{},"authentication":{"type":"MSI","resource":"https://vault.azure.net"}}}],"annotations":[],"lastPublishTime":"2021-07-05T20:56:19Z"},"dependsOn":["[concat(variables('factoryId'), '/datasets/salesdbds')]","[concat(variables('factoryId'), '/datasets/GeoDelimitedTextSource')]","[concat(variables('factoryId'), '/datasets/GeoDelimitedTextSync')]","[concat(variables('factoryId'), '/datasets/TrackingJSON')]","[concat(variables('factoryId'), '/datasets/TrackingJSONSync')]","[concat(variables('factoryId'), '/datasets/SalesDelimitedText')]","[concat(variables('factoryId'), '/datasets/RestResource1')]","[concat(variables('factoryId'), '/datasets/CurrencyDelimitedText')]"]},{"name":"[concat(parameters('factoryName'), '/salesdbds')]","type":"Microsoft.DataFactory/factories/datasets","apiVersion":"2018-06-01","properties":{"linkedServiceName":{"referenceName":"[parameters('salesdbsource')]","type":"LinkedServiceReference"},"annotations":[],"type":"AzureSqlTable","schema":[],"typeProperties":{}},"dependsOn":[]},{"name":"[concat(parameters('factoryName'), '/GeoDelimitedTextSource')]","type":"Microsoft.DataFactory/factories/datasets","apiVersion":"2018-06-01","properties":{"linkedServiceName":{"referenceName":"[parameters('httpsource')]","type":"LinkedServiceReference"},"annotations":[],"type":"DelimitedText","typeProperties":{"location":{"type":"HttpServerLocation"},"columnDelimiter":",","escapeChar":"\\","quoteChar":"\""},"schema":[]},"dependsOn":[]},{"name":"[concat(parameters('factoryName'), '/GeoDelimitedTextSync')]","type":"Microsoft.DataFactory/factories/datasets","apiVersion":"2018-06-01","properties":{"linkedServiceName":{"referenceName":"[parameters('traininglakehouse')]","type":"LinkedServiceReference"},"annotations":[],"type":"DelimitedText","typeProperties":{"location":{"type":"AzureBlobFSLocation","folderPath":{"value":"geolocation/@{formatDateTime(utcnow(),'yyyy')}/@{formatDateTime(utcnow(),'MM')}/@{formatDateTime(utcnow(),'dd')}/@{formatDateTime(utcnow(),'HH')}","type":"Expression"},"fileSystem":"bronze"},"columnDelimiter":",","escapeChar":"\\","quoteChar":"\""},"schema":[]},"dependsOn":[]},{"name":"[concat(parameters('factoryName'), '/TrackingJSON')]","type":"Microsoft.DataFactory/factories/datasets","apiVersion":"2018-06-01","properties":{"linkedServiceName":{"referenceName":"[parameters('websitetrackinglogs')]","type":"LinkedServiceReference"},"annotations":[],"type":"Json","typeProperties":{"location":{"type":"AzureBlobStorageLocation","container":"ecommercelogs1234"}},"schema":{}},"dependsOn":[]},{"name":"[concat(parameters('factoryName'), '/TrackingJSONSync')]","type":"Microsoft.DataFactory/factories/datasets","apiVersion":"2018-06-01","properties":{"linkedServiceName":{"referenceName":"[parameters('traininglakehouse')]","type":"LinkedServiceReference"},"annotations":[],"type":"Json","typeProperties":{"location":{"type":"AzureBlobFSLocation","folderPath":{"value":"logs/@{formatDateTime(utcnow(),'yyyy')}/@{formatDateTime(utcnow(),'MM')}/@{formatDateTime(utcnow(),'dd')}/@{formatDateTime(utcnow(),'HH')}","type":"Expression"},"fileSystem":"bronze"}},"schema":{}},"dependsOn":[]},{"name":"[concat(parameters('factoryName'), '/SalesDelimitedText')]","type":"Microsoft.DataFactory/factories/datasets","apiVersion":"2018-06-01","properties":{"linkedServiceName":{"referenceName":"[parameters('traininglakehouse')]","type":"LinkedServiceReference"},"parameters":{"FileExt":{"type":"string","defaultValue":"csv"},"FileTime":{"type":"string","defaultValue":"@pipeline().TriggerTime"}},"annotations":[],"type":"DelimitedText","typeProperties":{"location":{"type":"AzureBlobFSLocation","fileName":{"value":"@concat(dataset().FileTime,'.',dataset().FileExt)","type":"Expression"},"folderPath":{"value":"sales/@{activity('Lookup Old Watermark').output.firstRow.table_name}/@{formatDateTime(utcnow(),'yyyy')}/@{formatDateTime(utcnow(),'MM')}/@{formatDateTime(utcnow(),'dd')}/@{formatDateTime(utcnow(),'HH')}","type":"Expression"},"fileSystem":"bronze"},"columnDelimiter":",","escapeChar":"\\","quoteChar":"\""},"schema":[]},"dependsOn":[]},{"name":"[concat(parameters('factoryName'), '/RestResource1')]","type":"Microsoft.DataFactory/factories/datasets","apiVersion":"2018-06-01","properties":{"linkedServiceName":{"referenceName":"[parameters('restsource')]","type":"LinkedServiceReference"},"annotations":[],"type":"RestResource","typeProperties":{"relativeUrl":{"value":"convert?q=USD_@{item().Currency}&compact=ultra&apiKey=@{activity('GetSecret').output.value}","type":"Expression"}},"schema":[]},"dependsOn":[]},{"name":"[concat(parameters('factoryName'), '/CurrencyDelimitedText')]","type":"Microsoft.DataFactory/factories/datasets","apiVersion":"2018-06-01","properties":{"linkedServiceName":{"referenceName":"[parameters('traininglakehouse')]","type":"LinkedServiceReference"},"annotations":[],"type":"DelimitedText","typeProperties":{"location":{"type":"AzureBlobFSLocation","folderPath":{"value":"currency/@{item().Currency}/@{formatDateTime(utcnow(),'yyyy')}/@{formatDateTime(utcnow(),'MM')}/@{formatDateTime(utcnow(),'dd')}/@{formatDateTime(utcnow(),'HH')}","type":"Expression"},"fileSystem":"bronze"},"columnDelimiter":",","escapeChar":"\\","quoteChar":"\""},"schema":[]},"dependsOn":[]}]}